/*
SQLyog v10.2 
MySQL - 5.6.37 : Database - ofo
*********************************************************************
*/

/*!40101 SET NAMES utf8 */;

/*!40101 SET SQL_MODE=''*/;

/*!40014 SET @OLD_UNIQUE_CHECKS=@@UNIQUE_CHECKS, UNIQUE_CHECKS=0 */;
/*!40014 SET @OLD_FOREIGN_KEY_CHECKS=@@FOREIGN_KEY_CHECKS, FOREIGN_KEY_CHECKS=0 */;
/*!40101 SET @OLD_SQL_MODE=@@SQL_MODE, SQL_MODE='NO_AUTO_VALUE_ON_ZERO' */;
/*!40111 SET @OLD_SQL_NOTES=@@SQL_NOTES, SQL_NOTES=0 */;
CREATE DATABASE /*!32312 IF NOT EXISTS*/`ofo` /*!40100 DEFAULT CHARACTER SET utf8 */;

USE `ofo`;

/*Table structure for table `bike` */

DROP TABLE IF EXISTS `bike`;

CREATE TABLE `bike` (
  `id` int(11) NOT NULL AUTO_INCREMENT,
  `bikeno` int(6) NOT NULL,
  `password` int(4) NOT NULL,
  `cityid` int(11) NOT NULL,
  PRIMARY KEY (`id`),
  KEY `PK_Cityid` (`cityid`),
  CONSTRAINT `PK_Cityid` FOREIGN KEY (`cityid`) REFERENCES `city` (`id`)
) ENGINE=InnoDB AUTO_INCREMENT=13 DEFAULT CHARSET=utf8;

/*Data for the table `bike` */

LOCK TABLES `bike` WRITE;

insert  into `bike`(`id`,`bikeno`,`password`,`cityid`) values (1,2309456,9380,1),(3,3120133,7728,1),(4,3306219,4698,1),(5,111111,1111,1),(6,111111,1111,18),(7,456896,3456,36),(8,36923,1111,3),(9,6652785,1234,36),(10,200780,1234,153),(11,1231231,123,22),(12,1234567,1234,1);

UNLOCK TABLES;

/*Table structure for table `city` */

DROP TABLE IF EXISTS `city`;

CREATE TABLE `city` (
  `id` int(11) NOT NULL AUTO_INCREMENT,
  `name` varchar(40) NOT NULL,
  `pid` int(11) NOT NULL,
  PRIMARY KEY (`id`),
  KEY `PK_Province` (`pid`),
  CONSTRAINT `PK_Province` FOREIGN KEY (`pid`) REFERENCES `province` (`id`)
) ENGINE=InnoDB AUTO_INCREMENT=475 DEFAULT CHARSET=utf8;

/*Data for the table `city` */

LOCK TABLES `city` WRITE;

insert  into `city`(`id`,`name`,`pid`) values (1,'武汉市',1),(2,'黄石市',1),(3,'十堰市',1),(4,'荆州市',1),(5,'宜昌市',1),(6,'襄樊市',1),(7,'鄂州市',1),(8,'荆门市',1),(9,'孝感市',1),(10,'黄冈市',1),(11,'咸宁市',1),(12,'随州市',1),(13,'天门市',1),(14,'潜江市',1),(15,'神农架林区',1),(17,'恩施土家族苗族自治州',1),(18,'朝阳区',2),(19,'海淀区',2),(20,'通州区',2),(21,'房山区',2),(22,'丰台区',2),(23,'昌平区',2),(24,'大兴区',2),(25,'顺义区',2),(26,'西城区　',2),(27,'延庆县',2),(28,'石景山区',2),(29,'宣武区',2),(30,'怀柔区',2),(31,'崇文区',2),(32,'密云县',2),(33,'东城区',2),(34,'平谷区',2),(35,'门头沟区',2),(36,'东莞市',3),(37,'广州市',3),(38,'中山市',3),(39,'深圳市',3),(40,'惠州市',3),(41,'江门市',3),(42,'珠海市',3),(43,'汕头市',3),(44,'佛山市',3),(45,'湛江市',3),(46,' 河源市',3),(47,'肇庆市',3),(48,'清远市',3),(49,'潮州市',3),(50,'韶关市',3),(51,'揭阳市',3),(52,'阳江市',3),(53,'梅州市',3),(54,'云浮市',3),(55,'茂名市',3),(56,'汕尾市　',3),(57,'济南市',4),(58,'青岛市',4),(59,'临沂市',4),(60,'济宁市',4),(61,'菏泽市',4),(62,'烟台市',4),(63,'淄博市',4),(64,'泰安市',4),(65,'潍坊市',4),(66,'日照市',4),(67,'滨州市',4),(68,'东营市',4),(69,'聊城市',4),(70,'德州市',4),(71,'莱芜市',4),(72,'枣庄市',4),(73,'苏州市',5),(74,'徐州市',5),(75,'盐城市',5),(76,'无锡市',5),(77,'南京市',5),(79,'南通市',5),(80,'连云港市',5),(81,'常州市',5),(82,'镇江市',5),(83,'扬州市',5),(84,'淮安市',5),(85,'泰州市',5),(86,'宿迁市　',5),(87,'郑州市',6),(88,'南阳市',6),(89,'新乡市',6),(90,'安阳市',6),(91,'洛阳市',6),(92,'信阳市',6),(93,'平顶山市',6),(95,'周口市',6),(96,'商丘市　',6),(97,'开封市',6),(98,'焦作市',6),(99,'驻马店市',6),(100,'濮阳市',6),(101,'三门峡市',6),(104,'漯河市',6),(105,'许昌市',6),(106,'鹤壁市',6),(107,'济源市',6),(108,'松江区',7),(110,'宝山区',7),(111,'金山区',7),(112,'嘉定区',7),(113,'南汇区',7),(114,'青浦区',7),(115,'浦东新区',7),(116,'奉贤区',7),(117,'徐汇区',7),(118,'静安区',7),(119,'闵行区',7),(120,'黄浦区',7),(121,'杨浦区',7),(123,'虹口区',7),(124,'普陀区',7),(125,'闸北区',7),(126,'长宁区',7),(127,'崇明县',7),(128,'卢湾区',7),(129,'石家庄市',8),(130,'唐山市',8),(131,'保定市',8),(132,'邯郸市',8),(133,'邢台市',8),(134,'河北区',8),(135,'沧州市',8),(136,'秦皇岛市',8),(137,'张家口市',8),(138,'衡水市',8),(139,'廊坊市',8),(140,'承德市',8),(141,'温州市',9),(142,'宁波市',9),(143,'杭州市',9),(144,'台州市',9),(145,'嘉兴市',9),(146,'金华市',9),(147,'湖州市',9),(149,'绍兴市',9),(150,'舟山市',9),(151,'丽水市',9),(152,'衢州市',9),(153,'西安市',10),(154,'咸阳市',10),(155,'宝鸡市',10),(156,'汉中市',10),(157,'渭南市',10),(158,'安康市',10),(159,'榆林市',10),(160,'商洛市',10),(161,'延安市',10),(162,'铜川市',10),(163,'长沙市',11),(164,'邵阳市',11),(165,'常德市',11),(166,'衡阳市',11),(167,'株洲市',11),(168,'湘潭市',11),(169,'永州市',11),(170,'岳阳市',11),(171,'怀化市',11),(172,'郴州市',11),(173,'娄底市',11),(174,'益阳市',11),(175,'张家界市',11),(176,'江北区',12),(177,'渝北区',12),(178,'沙坪坝区',12),(179,'九龙坡区',12),(180,'万州区',12),(181,'永川市',12),(182,'南岸区',12),(183,'酉阳县',12),(184,'北碚区',12),(185,'涪陵区',12),(186,'秀山县',12),(187,'巴南区',12),(188,'渝中区',12),(189,'石柱县',12),(190,'忠县',12),(191,'合川市',12),(192,'大渡口区',12),(193,'开县',12),(194,'长寿区',12),(195,'荣昌县',12),(196,'云阳县',12),(197,'梁平县',12),(198,'潼南县',12),(199,'江津市',12),(200,'彭水县',12),(201,'綦江县',12),(202,'璧山县',12),(203,'黔江区',12),(204,'大足县',12),(205,'巫山县',12),(206,'巫溪县',12),(208,'垫江县',12),(209,'丰都县',12),(210,'武隆县',12),(211,'万盛区',12),(212,'铜梁县',12),(213,'南川市',12),(214,'奉节县',12),(215,'双桥区',12),(216,'城口县',12),(217,'漳州市',13),(218,'厦门市',13),(219,'泉州市',13),(220,'福州市',13),(221,'莆田市',13),(222,'宁德市',13),(223,'三明市',13),(224,'南平市',13),(226,'龙岩市',13),(227,'和平区',14),(228,'北辰区',14),(229,'河北区',14),(230,'河西区',14),(231,'西青区',14),(232,'津南区',14),(233,'东丽区',14),(234,'武清区',14),(235,'宝坻区',14),(236,'红桥区',14),(237,'大港区',14),(238,'汉沽区',14),(239,'静海县',14),(240,'塘沽区',14),(241,'宁河县',14),(242,'蓟县',14),(244,'南开区',14),(245,'河东区',14),(246,'昆明市',15),(247,'红河州',15),(248,'大理州',15),(249,'文山州',15),(250,'德宏州',15),(251,'曲靖市',15),(252,'昭通市',15),(253,'楚雄州',15),(254,'保山市',15),(255,'玉溪市',15),(256,'丽江地区',15),(257,'临沧地区',15),(258,'思茅地区',15),(259,'西双版纳州',15),(260,'怒江州',15),(261,'迪庆州',15),(262,'成都市',16),(263,'绵阳市',16),(264,'广元市',16),(265,'达州市',16),(266,'南充市',16),(267,'德阳市',16),(268,'广安市',16),(269,'阿坝州',16),(270,'巴中市',16),(271,'遂宁市',16),(272,'内江市',16),(273,'凉山州',16),(274,'攀枝花市',16),(275,'乐山市',16),(276,'自贡市',16),(277,'泸州市',16),(278,'雅安市',16),(279,'宜宾市',16),(280,'资阳市',16),(281,'眉山市',16),(282,'甘孜州',16),(283,'贵港市',17),(284,'玉林市',17),(285,'北海市',17),(286,'南宁市',17),(287,'柳州市',17),(288,'桂林市',17),(289,'梧州市',17),(292,'钦州市',17),(293,'来宾市',17),(294,'河池市',17),(295,'百色市',17),(296,'贺州市',17),(297,'崇左市',17),(298,'芜湖市',18),(299,'合肥市',18),(300,'六安市',18),(302,'宿州市',18),(303,'阜阳市',18),(304,'安庆市　',18),(305,'马鞍山市',18),(306,'蚌埠市',18),(307,'淮北市',18),(308,'淮南市',18),(309,'宣城市',18),(310,'黄山市',18),(311,'铜陵市',18),(312,'亳州市',18),(313,'池州市',18),(315,'巢湖市',18),(316,'滁州市　',18),(317,'三亚市',19),(318,'海口市',19),(319,'琼海市',19),(320,'文昌市',19),(321,'东方市',19),(322,'昌江县',19),(323,'陵水县',19),(324,'乐东县',19),(325,'保亭县',19),(327,'五指山市',19),(328,'澄迈县',19),(329,'万宁市',19),(330,'儋州市',19),(332,'临高县',19),(333,'白沙县',19),(334,'定安县',19),(336,'琼中县',19),(337,'屯昌县',19),(338,'南昌市',20),(339,'赣州市',20),(340,'上饶市',20),(341,'吉安市',20),(342,'九江市',20),(343,'新余市',20),(344,'抚州市',20),(345,'宜春市',20),(346,'景德镇市',20),(347,'萍乡市',20),(348,'鹰潭市',20),(350,'太原市',21),(351,'大同市',21),(352,'运城市',21),(353,'长治市',21),(354,'晋城市',21),(355,'忻州市',21),(356,'临汾市',21),(357,'吕梁市',21),(358,'晋中市',21),(359,'阳泉市',21),(360,'朔州市',21),(361,'大连市',22),(362,'沈阳市',22),(363,'丹东市',22),(364,'丹东市',22),(365,'葫芦岛市',22),(366,'锦州市',22),(367,'朝阳市',22),(368,'营口市',22),(369,'鞍山市',22),(370,'抚顺市',22),(371,'阜新市',22),(372,'盘锦市',22),(373,'本溪市',22),(374,'铁岭市',22),(375,'齐齐哈尔市',23),(376,'哈尔滨市',23),(377,'大庆市',23),(378,'佳木斯市',23),(379,'双鸭山市',23),(380,'牡丹江市',23),(381,'鸡西市',23),(382,'黑河市',23),(384,'绥化市',23),(385,'鹤岗市',23),(386,'伊春市',23),(387,'大兴安岭地区',23),(388,'七台河市',23),(389,'赤峰市',24),(390,'包头市',24),(391,'通辽市',24),(392,'呼和浩特市',24),(393,'鄂尔多斯市',24),(394,'乌海市',24),(395,'呼伦贝尔市',24),(396,'兴安盟',24),(398,'巴彦淖尔盟',24),(399,'乌兰察布盟',24),(400,'锡林郭勒盟',24),(402,'阿拉善盟',24),(403,'贵阳市',25),(404,'黔东南州',25),(405,'黔南州',25),(406,'遵义市',25),(407,'黔西南州',25),(408,'毕节地区',25),(409,'铜仁地区',25),(410,'安顺市',25),(412,'六盘水市',25),(413,'兰州市',26),(414,'天水市',26),(415,'庆阳市',26),(416,'武威市',26),(417,'酒泉市',26),(418,'张掖市',26),(419,'陇南地区',26),(420,'白银市',26),(421,'定西地区',26),(423,'平凉市',26),(424,'嘉峪关市',26),(425,'临夏回族自治州',26),(426,'金昌市',26),(428,'甘南州',26),(429,'西宁市',27),(430,'海西州',27),(431,'海东地区',27),(432,'海北州',27),(433,'果洛州',27),(434,'玉树州',27),(435,'乌鲁木齐市',28),(436,'伊犁州',28),(437,'昌吉州',28),(438,'石河子市',28),(439,'哈密地区',28),(440,'阿克苏地区',28),(441,'巴音郭楞州',28),(442,'喀什地区',28),(443,'塔城地区',28),(445,'克拉玛依市',28),(446,'和田地区',28),(447,'阿勒泰州',28),(448,'吐鲁番地区',28),(449,'阿拉尔市',28),(450,'博尔塔拉州',28),(451,'五家渠市',28),(452,'克孜勒苏州',28),(453,'克孜勒苏州',28),(454,'拉萨市',29),(455,'山南地区',29),(456,'林芝地区',29),(457,'日喀则地区',29),(458,'阿里地区',29),(459,'昌都地区',29),(460,'那曲地区',29),(461,'吉林市',30),(462,'长春市',30),(463,'白山市',30),(464,'延边州',30),(465,'白城市',30),(466,'松原市',30),(467,'辽源市',30),(468,'通化市',30),(469,'四平市',30),(470,'银川市',31),(471,'吴忠市',31),(472,'中卫市',31),(473,'石嘴山市',31),(474,'固原市',31);

UNLOCK TABLES;

/*Table structure for table `province` */

DROP TABLE IF EXISTS `province`;

CREATE TABLE `province` (
  `id` int(11) NOT NULL AUTO_INCREMENT,
  `name` varchar(40) NOT NULL,
  PRIMARY KEY (`id`)
) ENGINE=InnoDB AUTO_INCREMENT=32 DEFAULT CHARSET=utf8;

/*Data for the table `province` */

LOCK TABLES `province` WRITE;

insert  into `province`(`id`,`name`) values (1,'湖北'),(2,'北京市'),(3,'广东省'),(4,'山东省'),(5,'江苏省'),(6,'河南省'),(7,'上海市'),(8,'河北省'),(9,'浙江省'),(10,'陕西省'),(11,'湖南省'),(12,'重庆市'),(13,'福建省'),(14,'天津市'),(15,'云南省'),(16,'四川省'),(17,'广西壮族自治区'),(18,'安徽省'),(19,'海南省'),(20,'江西省'),(21,'山西省'),(22,'辽宁省'),(23,'黑龙江'),(24,'内蒙古自治区'),(25,'贵州省'),(26,'甘肃省'),(27,'青海省'),(28,'新疆维吾尔自治区'),(29,'西藏区'),(30,'吉林省'),(31,'宁夏回族自治区');

UNLOCK TABLES;

/*Table structure for table `users` */

DROP TABLE IF EXISTS `users`;

CREATE TABLE `users` (
  `id` int(11) NOT NULL AUTO_INCREMENT,
  `username` varchar(40) NOT NULL,
  `password` varchar(40) DEFAULT NULL,
  `isadmin` int(2) NOT NULL DEFAULT '0',
  PRIMARY KEY (`id`)
) ENGINE=InnoDB AUTO_INCREMENT=310 DEFAULT CHARSET=utf8;

/*Data for the table `users` */

LOCK TABLES `users` WRITE;

insert  into `users`(`id`,`username`,`password`,`isadmin`) values (1,'admin','as4502389',1),(2,'zhangsan','1234',0),(4,'lisi','55555',0),(5,'administration','112234',0),(10,'root','eoot',0),(12,'leesin','123321',0),(13,'zdrpmy','zdrpmy',0),(17,'2500994223','147258369',0),(18,'adminqwer','qwerasdf',0),(19,'admin0','666',0),(20,'159','159',0),(21,'2522794964','080750',0),(22,'user','546404592',0),(23,'666','666',0),(24,'111','1111',0),(25,'191251853','191251853',0),(26,'265120','265120',0),(27,'jack','123456',0),(28,'qq1208711869','wsy2451..',0),(29,'123','123',0),(30,'hdtt','104363',0),(31,'ofoofo','ofo',0),(32,'administration','112234',0),(33,'1231','1231',0),(34,'poi96123','a123456',0),(35,'yao','yao123',0),(36,'fgq','159000',0),(37,'666666','201314',0),(38,' 123','123',0),(39,'qq123','123456',0),(40,'2417','12345',0),(41,'lcs632625685','aaa123',0),(42,'dpx123','224817',0),(43,'006','84612095',0),(44,'ofo密码','ofo132087',0),(45,'pdl542','289020879',0),(46,'2272903015','a123456',0),(47,'119119119','911911911',0),(48,'wocaonima','wocaonima',0),(49,'917193804','6823179',0),(50,'970780885','A956b579c',0),(51,'ufo','ufo',0),(52,'123987','456',0),(53,'1636760766','lwl971214',0),(54,'xiaoxiaojun','622622',0),(55,'123a','123',0),(56,'980329','980329',0),(57,'605325132','l605325132',0),(58,'ldssdl','199105070',0),(59,'911','911',0),(60,'ofo','ofo',0),(61,'523615668','523615668',0),(62,'110','110',0),(63,'misaka','1122333',0),(64,'17633533927','123456',0),(65,'linpan','08520..',0),(66,'噜噜噜','1234567',0),(67,'xcwoaini','xcwoaini',0),(68,'520','520',0),(69,'ully','0321123',0),(70,'1394179649','1394179649',0),(71,'bhcqzf','bhcqzf',0),(72,'feixin130','qq1301417188',0),(73,'EEELF','EEELF',0),(74,'957','957',0),(75,'12355','55123',0),(76,'liberrun','123456',0),(77,'wasd123chao','a5211314',0),(78,'chen01','134168a',0),(79,'复世姬凌','123456789abc',0),(80,'yangsen','1187489525',0),(81,'暗夜赞歌','g961198',0),(82,'QAZ12345','QAZ12345',0),(83,'******','*****',0),(84,'66666666','6666666',0),(85,'306984010','306984010',0),(86,'破晓黎明','jaini1314',0),(87,'12332111','12332111',0),(88,'2726099735','qizhonglin',0),(89,'1233','123',0),(90,'753322121','li940512',0),(91,'123456','123',0),(92,'123456..','123456..',0),(93,'719685353','qq719685353',0),(94,'18782768721','1017184113',0),(95,'599521','25257758',0),(96,'哈哈哈哈哈','bbbbnnn',0),(97,'hejia','he123456789',0),(98,'119','119',0),(99,'258369','258369',0),(100,'qqqqqq','zxcvbnm',0),(101,'990','990',0),(102,'951357','951357',0),(103,'封心棒棒糖','147258369',0),(104,'774408640','123456789',0),(105,'1517','1517',0),(106,'abc','ABC',0),(107,'LuvAf','920124',0),(108,'970417','970417',0),(109,'969176882','09250925',0),(110,'1902680','1902680',0),(111,'pzl','hetangyuese123',0),(112,'','',0),(113,'zhang1997aaa','123456789a',0),(114,'yz981231','yz981231',0),(115,'zrb1994','zhang123456',0),(116,'a123456','a123456',0),(117,'18379696232','1234567890',0),(118,'hzy','hzy121820',0),(119,'waixiaomei','1986514',0),(120,'18748611145','Kongweixin123',0),(121,'abczsygce','zsygcsabc123',0),(122,'15182757422','15182757422',0),(123,'test2333','q123456',0),(124,'13267858665','1301506639xu',0),(125,'12580','125800',0),(126,'940965260','1314',0),(127,'12345678','1234',0),(128,'18051244413','412412',0),(129,'1362183651','1362183651',0),(130,'wzy123','wzy123',0),(131,'zxcv','zxcv',0),(132,'936698481','12345688',0),(133,'qq976457223','wm96131421',0),(134,'qqdnfqqq009','qqdnfqqq009',0),(135,'ox123','z134679',0),(136,'1234','1234567',0),(137,'1726017782','Y621095o',0),(138,'0101010','13661212796',0),(139,'q425815147','425815147.',0),(140,'襄阳ofo','1008611',0),(141,'067344','L067344',0),(142,'xagu123','xagu123',0),(143,'lisl','123',0),(144,'l4569','123',0),(145,'123466','123456',0),(146,'marisn','abc123',0),(147,'2550499507','ml123456',0),(148,'yameng','a718887',0),(149,'qq11100200','11100200',0),(150,'faintout','yhnyhn',0),(151,'huo','xxhc',0),(152,'huokiss','xxhc',0),(153,'samp','samp',0),(154,'huizai','huizai',0),(155,'dsgvsn','2333',0),(156,'15205189167','yq!((*1998',0),(157,'qa61681449','84223773',0),(158,'where','where9046',0),(159,'1763221541','1763221541',0),(160,'a781174966','as13434123559',0),(161,'806289150','521123',0),(162,'klskj','li12345678',0),(163,'ceshi','ceshi',0),(164,'550991231','123123',0),(165,'459309','459309',0),(166,'577294','a123',0),(167,'sonb','helele08031234',0),(168,'001','147258369',0),(169,'435660178','435660178',0),(170,'ofo635115','295042189',0),(171,'yx0524','19930915',0),(172,'1314','520',0),(173,'874031454','123456',0),(174,'13265799670','123',0),(175,'1335230','13335230',0),(176,'11111','11111',0),(177,'czj','czj',0),(178,'201700','201700',0),(179,'1396532276','CCC1314',0),(180,'100','ofo',0),(181,'1609237854','wu019975150',0),(182,'2088585804','123456',0),(183,'123456110','147258',0),(184,'123456qq','123456',0),(185,'2282050','123456',0),(186,'1138621057','wyc4846',0),(187,'zy199907','199907',0),(188,'qw145137','qw145137',0),(189,'为失足少女开光','321456',0),(190,'1440126177','192547954',0),(191,'666999','666666',0),(192,'12345678900','12345678900',0),(193,'99999','99999',0),(194,'思绪zhou','123745689',0),(195,'youhun','201035',0),(196,'eos','zxcvbnm',0),(197,'gemini','caoss1026',0),(198,'raocheng','raocheng',0),(199,'kun','2655',0),(200,'yunrui','yunruifuzhu',0),(201,'961302556@qq.com','qiaokeli',0),(202,'1027413504','1027413504',0),(203,'cwf','cwf',0),(204,'adminmax','admin8',0),(205,'496852697','496852697',0),(206,'5881305','5881305',0),(207,'371071575','665858',0),(208,'331322960','QQ492666012',0),(209,'yangdabenshi','99519951',0),(210,'admin1','admin2',0),(211,'656722068','900129',0),(212,'14615451','052013',0),(213,'287123341','287123341',0),(214,'huxi','hu123456',0),(215,'1473','147369',0),(216,'948226105','a68351228',0),(217,'12344321','12344321',0),(218,'347795961','347795961',0),(219,'6666','6666',0),(220,'978677303','978677303',0),(221,'123123','123123',0),(222,'ioop','uiio',0),(223,'qq308518933','5201314789',0),(224,'13178599398','13178599398',0),(225,'476209992','7418695',0),(226,'adminm','adminm',0),(227,'hahahaha','hahahaha',0),(228,'2833754837','123789',0),(229,'liuyang','qq3635097',0),(230,'xiaoxiaomo','xiaoxiaomo2017',0),(231,'aa9090','aa9090',0),(232,'guifeng','123456',0),(233,'wcy123963','wcy123963',0),(234,'lvxiaoc','lcc19890714',0),(235,'12856','123456',0),(236,'9988','8899',0),(237,'大象','123456',0),(238,'272236986','123456',0),(239,'12345677','111111',0),(240,'18651707187','sxm1989er',0),(241,'刘双杰','lsj079625',0),(242,'335435768','335435768',0),(243,'2123123','2123123',0),(244,'2123123','2123123',0),(245,'yfx','root',0),(246,'123321','123321',0),(247,'lyq77582','597305670',0),(248,'999','999',0),(249,'abc991203','991203',0),(250,'danborad','96916',0),(251,'dpvax','che.',0),(252,'jj5142813','5142813',0),(253,'969461','969461',0),(254,'969461','969461',0),(255,'969461','969461',0),(256,'969461','969461',0),(257,'969461942@qq.com','969461942',0),(258,'lewen','850819ainan',0),(259,'qq235710','qq235710',0),(260,'13124943321','3321',0),(261,'cyy','12345678',0),(262,'第五维','w905134261',0),(263,'1151784789','1151784789',0),(264,'qianchu','Liujiayu123',0),(265,'xingyu02','200229xingyu',0),(266,'小伟丶','5201314',0),(267,'小伟丶','5201314',0),(268,'1414335043','asd123456',0),(269,'1414335043','asd123456',0),(270,'1414335043','asd123456',0),(271,'1414335043','asd123456',0),(272,'18672766326','2426038849',0),(273,'ofo2u','ofo2u',0),(274,'mm249230','249230',0),(275,'baba','baba',0),(276,'12345','1234',0),(277,'99565188','zx123456',0),(278,'yaboys','147369',0),(279,'0000','11111111p',0),(280,'1137','1137',0),(281,'xiaomo','xiaomo',0),(282,'131131','123123',0),(283,'1008611','1008611h',0),(284,'h10086','10086h',0),(285,'10086','10086h',0),(286,'1476610852','20001015lzc',0),(287,'1476610852','20001015lzc',0),(288,'1476610852','20001015lzc',0),(289,'1476610852','20001015lzc',0),(290,'18740576110','20001015lzc',0),(291,'18740576110','20001015lzc',0),(292,'18740576110','20001015lzc',0),(293,'18740576110','20001015lzc',0),(294,'18740576110','20001015lzc',0),(295,'fighting888','aaaaaaaa1',0),(296,'123147','147258369',0),(297,'administrator','administrator',0),(298,'lynds','lynds',0),(299,'qq626378961','xy98526310',0),(300,'123456eq','123456',0),(301,'6776867','6776867',0),(302,'asd123456','asd123456',0),(303,'279481623','yu123456',0),(304,'2667386345','yxx5201314',0),(305,'Amour795','Amour795',0),(306,'12580aa','12580aa',0),(307,'a310707936','a310707936',0),(308,'132087','ofo132087',0),(309,'405082278','405082278',0);

UNLOCK TABLES;

/*!40101 SET SQL_MODE=@OLD_SQL_MODE */;
/*!40014 SET FOREIGN_KEY_CHECKS=@OLD_FOREIGN_KEY_CHECKS */;
/*!40014 SET UNIQUE_CHECKS=@OLD_UNIQUE_CHECKS */;
/*!40111 SET SQL_NOTES=@OLD_SQL_NOTES */;
